346910,The Predator
383498,Deadpool 2
402900,Ocean's Eight
462919,Sierra Burgess Is a Loser
523873,功夫联盟
363088,Ant-Man and the Wasp
466282,To All the Boys I've Loved Before
454983,The Kissing Booth
293660,Deadpool
414919,Hart Beat
474335,Uncle Drew
452731,The Land of Steady Habits
354912,Coco
150540,Inside Out
283995,Guardians of the Galaxy Vol. 2
20352,Despicable Me
455980,Tag
177572,Big Hero 6
455207,Crazy Rich Asians
400155,Hotel Transylvania 3: Summer Vacation
446894,Smallfoot
455656,#RealityHigh
269149,Zootopia
339117,Kalpana
458423,Mamma Mia! Here We Go Again
487558,BlacKkKlansman
159824,Hotel Transylvania 2
399174,Isle of Dogs
93456,Despicable Me 2
207703,Kingsman: The Secret Service
507562,映画クレヨンしんちゃん 爆盛！カンフーボーイズ ～拉麺大乱～
310,Bruce Almighty
98566,Teenage Mutant Ninja Turtles
270946,Penguins of Madagascar
460668,I Feel Pretty
291805,Now You See Me 2
166426,Pirates of the Caribbean: Dead Men Tell No Tales
18785,The Hangover
194662,Birdman
585,"Monsters, Inc."
181533,Night at the Museum: Secret of the Tomb
353486,Jumanji: Welcome to the Jungle
257445,Goosebumps
62177,Brave
445571,Game Night
608,Men in Black II
808,Shrek
313369,La La Land
449176,"Love, Simon"
14160,Up
440161,The Sisters Brothers
57800,Ice Age: Continental Drift
335797,Sing
82702,How to Train Your Dragon 2
437557,Blockers
350,The Devil Wears Prada
454992,The Spy Who Dumped Me
257344,Pixels
260514,Cars 3
418827,젊은 형부
387592,Early Man
238713,Spy
9502,Kung Fu Panda
196867,Annie
339846,Baywatch
76492,Hotel Transylvania
463272,Johnny English Strikes Again
10193,Toy Story 3
11130,The Princess Diaries 2: Royal Engagement
224141,Into the Woods
425,Ice Age
118,Charlie and the Chocolate Factory
340022,Gringo
454619,Overboard
920,Cars
69646,Vaseegara
43074,Ghostbusters
9880,The Princess Diaries
787,Mr. & Mrs. Smith
13053,Bolt
809,Shrek 2
214756,Ted 2
2062,Ratatouille
218746,Young Mother
370567,Sherlock Gnomes
45243,The Hangover Part II
10661,You Don't Mess with the Zohan
62764,Mirror Mirror
11631,Mamma Mia!
8355,Ice Age: Dawn of the Dinosaurs
136799,Trolls
456929,Campeones
2770,American Pie 2
271718,Trainwreck
391713,Lady Bird
950,Ice Age: The Meltdown
254470,Pitch Perfect 2
364689,Ferdinand
2976,Hairspray
82690,Wreck-It Ralph
353616,Pitch Perfect 3
390043,The Hitman's Bodyguard
454293,Night School
120467,The Grand Budapest Hotel
116745,The Secret Life of Walter Mitty
420814,Christopher Robin
303542,Il ragazzo invisibile
384677,Set It Up
109439,The Hangover Part III
268531,Captain Underpants: The First Epic Movie
22794,Cloudy with a Chance of Meatballs
134374,Pain & Gain
106646,The Wolf of Wall Street
127380,Finding Dory
399170,Logan Lucky
9982,Chicken Little
41630,No Strings Attached
434355,Taxi 5
13374,Ice Princess
6477,Alvin and the Chipmunks
227159,Horrible Bosses 2
4327,Charlie's Angels
35,The Simpsons Movie
256961,Paul Blart: Mall Cop 2
49519,The Croods
18360,Night at the Museum: Battle of the Smithsonian
140300,Kung Fu Panda 3
10555,Shark Tale
339404,The Layover
7453,The Hitchhiker's Guide to the Galaxy
10192,Shrek Forever After
49013,Cars 2
399796,Life of the Party
400579,Tully
223702,Sausage Party
19913,(500) Days of Summer
9486,Johnny English
9928,Robots
38055,Megamind
431530,A Bad Moms Christmas
278154,Ice Age: Collision Course
810,Shrek the Third
4638,Hot Fuzz
41154,Men in Black 3
324852,Despicable Me 3
413644,The Son of Bigfoot
10527,Madagascar: Escape 2 Africa
325189,Teen Beach 2
337170,American Made
400928,Gifted
301337,Downsizing
51540,Horrible Bosses
412988,The Happytime Murders
137106,The Lego Movie
10591,The Girl Next Door
88751,Journey to the Center of the Earth
194,Le Fabuleux Destin d'Amélie Poulain
11397,Not Another Teen Movie
112160,Chroniques sexuelles d'une famille d'aujourd'hui
64688,21 Jump Street
346648,Paddington 2
46195,Rio
342473,Ballerina
1593,Night at the Museum
374416,Quo vado?
109451,Cloudy with a Chance of Meatballs 2
7443,Chicken Run
9522,Wedding Crashers
5559,Bee Movie
518452,Like Father
489929,Destination Wedding
10625,Mean Girls
332210,Storks
10184,He's Just Not That Into You
83666,Moonrise Kingdom
71552,American Reunion
8920,Garfield
262391,Qu'est-ce qu'on a fait au Bon Dieu
747,Shaun of the Dead
308531,Teenage Mutant Ninja Turtles: Out of the Shadows
6957,The 40 Year Old Virgin
436931,劇場版ポケットモンスター　キミにきめた！
382591,Demain tout commence
11688,The Emperor's New Groove
138832,We're the Millers
50546,Just Go with It
4523,Enchanted
4257,Scary Movie 4
4256,Scary Movie 3
302699,Central Intelligence
634,Bridget Jones's Diary
324849,The Lego Batman Movie
58233,Johnny English Reborn
4247,Scary Movie
375107,Duck Duck Goose
8699,Anchorman: The Legend of Ron Burgundy
114150,Pitch Perfect
505906,சீமராஜா
188222,Entourage
9339,Click
10992,Cats & Dogs
4258,Scary Movie 5
433310,When We First Met
258509,Alvin and the Chipmunks: The Road Chip
10315,Fantastic Mr. Fox
80321,Madagascar 3: Europe's Most Wanted
211672,Minions
378236,The Emoji Movie
9023,Spirit: Stallion of the Cimarron
416477,The Big Sick
20048,Confessions of a Shopaholic
50544,Friends with Benefits
20760,Lilo & Stitch 2: Stitch has a Glitch
50646,"Crazy, Stupid, Love."
22705,Tra(sgre)dire
122906,About Time
44896,Rango
27573,The Bounty Hunter
11770,少林足球
22970,The Cabin in the Woods
7512,Idiocracy
397422,Rough Night
38365,Grown Ups
9470,功夫
454283,Action Point
4964,Knocked Up
10358,Zack and Miri Make a Porno
19994,Jennifer's Body
11430,The Lion King 1½
503619,The Package
19908,Zombieland
225886,Sex Tape
37834,Knight and Day
82654,Warm Bodies
49524,R.I.P.D.
4944,Burn After Reading
21385,"Mickey, Donald, Goofy: The Three Musketeers"
463053,Ibiza
55301,Alvin and the Chipmunks: Chipwrecked
13682,Pooh's Heffalump Movie
137116,Smurfs: The Lost Village
252838,The Wedding Ringer
100042,Dumb and Dumber To
200727,"Love, Rosie"
9870,Forgetting Sarah Marshall
109418,Grown Ups 2
502682,Book Club
17899,Mentiras y gordas
34544,The A-Team
41513,The Smurfs
39513,Paul
59436,Midnight in Paris
8273,American Wedding
417644,CHiPS
12153,White Chicks
818,Austin Powers in Goldmember
11283,Nanny McPhee
371638,The Disaster Artist
11774,Lemony Snicket's A Series of Unfortunate Events
62213,Dark Shadows
203801,The Man from U.N.C.L.E.
402897,The Death of Stalin
153518,The Angry Birds Movie
490214,时空行者
2123,"Me, Myself & Irene"
1267,Meet the Robinsons
25195,Leap Year
40805,The Green Hornet
77338,Intouchables
9471,Charlie's Angels: Full Throttle
1824,50 First Dates
1268,Mr. Bean's Holiday
544295,D.L. Hughley: Contrarian
45658,Everything Must Go
7518,Over the Hedge
256591,Focus
334533,Captain Fantastic
3989,Team America: World Police
26715,Bitch Slap
157386,The Spectacular Now
43593,Piranha 3D
356305,Why Him?
11024,Scooby-Doo 2: Monsters Unleashed
376659,Bad Moms
248574,Barely Lethal
11619,Flushed Away
261392,American Ultra
9637,Scooby-Doo
109414,This Is the End
228165,The SpongeBob Movie: Sponge Out of Water
9352,EuroTrip
364433,Lo chiamavano Jeeg Robot
12536,Home Alone 4
193893,Let's Be Cops
449749,The Leisure Seeker
23631,Machete
419680,Daddy's Home 2
15157,Another Cinderella Story
487702,F*&% the Prom
228967,The Interview
